outcome,control,treated,window,drop_covid,fe,coef,se,ci_lo,ci_hi,p,n_treated_states,n_control_states,n_obs
lemp_retail,strict,all,2022-07 start (baseline),False,twoway,-0.005568044326657365,0.0033374863326583785,-0.01230336442800187,0.0011672757746871423,0.1026888883309085,22,21,2107
lemp_retail,strict,all,2022-07 start (baseline),False,division x month,-0.0019080217292409603,0.004034785549918079,-0.010050548622326893,0.006234505163844972,0.6387379639299509,22,21,2107
lemp_retail,strict,all,2021-01 start (long),False,twoway,-0.006155103425383788,0.004463912702599601,-0.015163643973478878,0.0028534371227113007,0.17523812426010155,22,21,2881
lemp_retail,strict,all,2021-01 start (long),False,division x month,-0.0012427098178405165,0.005190514513247967,-0.011717592185239826,0.009232172549558791,0.8119449589524552,22,21,2881
lemp_retail,strict,all,2021-01 start (long),True,twoway,-0.0059379486238554414,0.004147903665850877,-0.014308757116962648,0.002432859869251765,0.15967133907534392,22,21,2623
lemp_retail,strict,all,2021-01 start (long),True,division x month,-0.0017888178601601407,0.004874869946554744,-0.0116267037029218,0.008049067982601518,0.715501094751877,22,21,2623
lemp_retail,strict,legislated,2022-07 start (baseline),False,twoway,-0.00930675006683144,0.0030211765795736868,-0.01549534974905471,-0.003118150384608172,0.004598528582381078,8,21,1421
lemp_retail,strict,legislated,2022-07 start (baseline),False,division x month,-0.007533750272866479,0.004144550217082456,-0.01603766488536125,0.0009701643396282907,0.0802160904195699,8,21,1421
lemp_retail,strict,legislated,2021-01 start (long),False,twoway,-0.009394948708071529,0.004073703208742096,-0.01773955145441304,-0.0010503459617300145,0.028713018353627717,8,21,1943
lemp_retail,strict,legislated,2021-01 start (long),False,division x month,-0.008306173442414532,0.00590647161672198,-0.020425252150329334,0.0038129052655002695,0.17104537789317642,8,21,1943
lemp_retail,strict,legislated,2021-01 start (long),True,twoway,-0.009918501725695512,0.003758413124466493,-0.017617262011669656,-0.0022197414397213686,0.013430386167095909,8,21,1769
lemp_retail,strict,legislated,2021-01 start (long),True,division x month,-0.00877963025905294,0.0054704049350807775,-0.02000397404235603,0.002444713524250148,0.12014331950065427,8,21,1769
lemp_retail,strict,indexed,2022-07 start (baseline),False,twoway,-0.0034316410465578973,0.003861917281072647,-0.011280001236456998,0.004416719143341203,0.3804698967275195,14,21,1715
lemp_retail,strict,indexed,2022-07 start (baseline),False,division x month,0.0013125797312081822,0.0051716511280673364,-0.009209223601915941,0.011834383064332306,0.8012225815708303,14,21,1715
lemp_retail,strict,indexed,2021-01 start (long),False,twoway,-0.004303763263847961,0.005374548403268999,-0.015226159746453699,0.006618633218757776,0.42882672997934157,14,21,2345
lemp_retail,strict,indexed,2021-01 start (long),False,division x month,0.0029192958867788744,0.006414901991135045,-0.010131920345823595,0.015970512119381344,0.6520313992245694,14,21,2345
lemp_retail,strict,indexed,2021-01 start (long),True,twoway,-0.0036633468513754043,0.004952256735812997,-0.013727543411463056,0.006400849708712249,0.4645394357575432,14,21,2135
lemp_retail,strict,indexed,2021-01 start (long),True,division x month,0.0020099564083384002,0.006062188136092095,-0.010323658090556858,0.014343570907233658,0.7423208500522973,14,21,2135
lemp_retail,broad,all,2022-07 start (baseline),False,twoway,-0.00585612755837508,0.0031781424017129464,-0.012261252701752177,0.000548997585002018,0.07212781225671172,22,23,2205
lemp_retail,broad,all,2022-07 start (baseline),False,division x month,-0.0022735155016141823,0.0037251106520284107,-0.009780982720927306,0.0052339517176989425,0.5447884338299249,22,23,2205
lemp_retail,broad,all,2021-01 start (long),False,twoway,-0.006501175736025165,0.004375884289581168,-0.015320191042764934,0.0023178395707146053,0.14449341301280572,22,23,3015
lemp_retail,broad,all,2021-01 start (long),False,division x month,-0.001788339346695542,0.004977945382243235,-0.011820729057420622,0.008244050364029538,0.7211245769743677,22,23,3015
lemp_retail,broad,all,2021-01 start (long),True,twoway,-0.0062895205248847934,0.004022461574344549,-0.01439625915126481,0.0018172181014952226,0.12507616216882367,22,23,2745
lemp_retail,broad,all,2021-01 start (long),True,division x month,-0.00230609135782543,0.004618748406403621,-0.011614567130605094,0.007002384414954233,0.6200630821749593,22,23,2745
lemp_retail,broad,legislated,2022-07 start (baseline),False,twoway,-0.009594833298549148,0.0028372023612468164,-0.015389173533876355,-0.0038004930632219392,0.00201789516558204,8,23,1519
lemp_retail,broad,legislated,2022-07 start (baseline),False,division x month,-0.006929735420254201,0.003878447656171167,-0.01486205153211558,0.001002580691607179,0.0844401346008754,8,23,1519
lemp_retail,broad,legislated,2021-01 start (long),False,twoway,-0.00974102101871287,0.003970821483920649,-0.017850520364213224,-0.001631521673212519,0.020190445243437605,8,23,2077
lemp_retail,broad,legislated,2021-01 start (long),False,division x month,-0.006833519042017684,0.005635494026838022,-0.0183593984737686,0.004692360389733233,0.23507436531454085,8,23,2077
lemp_retail,broad,legislated,2021-01 start (long),True,twoway,-0.010270073626724871,0.0036127004628152774,-0.017648192274799246,-0.0028919549786504944,0.007971251425717751,8,23,1891
lemp_retail,broad,legislated,2021-01 start (long),True,division x month,-0.007642422660298112,0.005196300162172278,-0.01827004978139183,0.0029852044607956074,0.1521287137299756,8,23,1891
lemp_retail,broad,indexed,2022-07 start (baseline),False,twoway,-0.0037197242782756024,0.003720529362688117,-0.011265307559214992,0.003825859002663787,0.32408831966015184,14,23,1813
lemp_retail,broad,indexed,2022-07 start (baseline),False,division x month,0.00023941410192929828,0.004782642669505367,-0.009469866699421934,0.009948694903280531,0.9603600001914314,14,23,1813
lemp_retail,broad,indexed,2021-01 start (long),False,twoway,-0.004649835574489336,0.0052962987658829765,-0.015391227328976765,0.0060915561799980925,0.38579791715822753,14,23,2479
lemp_retail,broad,indexed,2021-01 start (long),False,division x month,0.0008580709734535227,0.006322670525986795,-0.011977632589067037,0.013693774535974083,0.8928254304731191,14,23,2479
lemp_retail,broad,indexed,2021-01 start (long),True,twoway,-0.004014918752404731,0.004842384300063479,-0.013835729301805391,0.005805891796995931,0.412500279276816,14,23,2257
lemp_retail,broad,indexed,2021-01 start (long),True,division x month,0.00027708530774686266,0.005854243387531401,-0.011607660607187783,0.012161831222681508,0.9625187255733261,14,23,2257
lemp_retail,border,all,2022-07 start (baseline),False,twoway,-0.004221080622102383,0.0034404232481379726,-0.01117999348719444,0.0027378322429896743,0.22721278204144824,22,18,1960
lemp_retail,border,all,2022-07 start (baseline),False,division x month,0.000326691480389887,0.003837513619408521,-0.007435412473105134,0.008088795433884908,0.932592755267887,22,18,1960
lemp_retail,border,all,2021-01 start (long),False,twoway,-0.003192545255968244,0.004420370330529231,-0.012133588186729615,0.005748497674793126,0.47445876102509565,22,18,2680
lemp_retail,border,all,2021-01 start (long),False,division x month,0.0027314770239742748,0.005008430541183747,-0.007399029955312889,0.01286198400326144,0.588600853437595,22,18,2680
lemp_retail,border,all,2021-01 start (long),True,twoway,-0.003725425617087409,0.0041156360379504325,-0.012050085261225817,0.004599234027051,0.3709239014377912,22,18,2440
lemp_retail,border,all,2021-01 start (long),True,division x month,0.0016086737524374363,0.004735625397649954,-0.0079700327400846,0.011187380244959473,0.7359080288293196,22,18,2440
lemp_retail,border,legislated,2022-07 start (baseline),False,twoway,-0.00795978636227645,0.0031431844064794953,-0.014433295825833959,-0.0014862768987189403,0.017982725793556753,8,18,1274
lemp_retail,border,legislated,2022-07 start (baseline),False,division x month,-0.00376493500118782,0.003927959792481646,-0.011871845567023408,0.004341975564647769,0.3473695718075944,8,18,1274
lemp_retail,border,legislated,2021-01 start (long),False,twoway,-0.006432390538655951,0.004032567991965328,-0.014737619784707492,0.00187283870739559,0.12325306056804886,8,18,1742
lemp_retail,border,legislated,2021-01 start (long),False,division x month,-0.0002813670709074842,0.005488829504264396,-0.011609754389780241,0.011047020247965273,0.9595412082579591,8,18,1742
lemp_retail,border,legislated,2021-01 start (long),True,twoway,-0.007705978718927482,0.0037289867754324558,-0.015385970745637825,-2.5986692217139055e-05,0.049286860778599895,8,18,1586
lemp_retail,border,legislated,2021-01 start (long),True,division x month,-0.002289252961829071,0.005179820808834679,-0.012979877678673883,0.00840137175501574,0.6624778821420936,8,18,1586
lemp_retail,border,indexed,2022-07 start (baseline),False,twoway,-0.002084677342002916,0.003957695707566873,-0.0101564509543309,0.005987096270325069,0.602123147866275,14,18,1568
lemp_retail,border,indexed,2022-07 start (baseline),False,division x month,0.0021336929978050894,0.005010526607969994,-0.008099167485216502,0.012366553480826681,0.6732626432215851,14,18,1568
lemp_retail,border,indexed,2021-01 start (long),False,twoway,-0.0013412050944324092,0.0053461800252675535,-0.012244811142821475,0.009562400953956655,0.8035687386644743,14,18,2144
lemp_retail,border,indexed,2021-01 start (long),False,division x month,0.0033472482516831606,0.006672509067516522,-0.01027983323132609,0.01697432973469241,0.6195771500720193,14,18,2144
lemp_retail,border,indexed,2021-01 start (long),True,twoway,-0.0014508238446073716,0.004932361554948681,-0.011510441558413903,0.008608793869199159,0.7706085742738107,14,18,1952
lemp_retail,border,indexed,2021-01 start (long),True,division x month,0.0027393275059587473,0.0062509724332528655,-0.01002686131957191,0.015505516331489404,0.6643631942979207,14,18,1952
lemp_leisure_hosp,strict,all,2022-07 start (baseline),False,twoway,0.0020266251205263014,0.003739875077867012,-0.0055207483449438224,0.009573998585996425,0.5907533570107546,22,21,2107
lemp_leisure_hosp,strict,all,2022-07 start (baseline),False,division x month,0.003853227444052781,0.005353874166710497,-0.00695132805097802,0.014657782939083583,0.47569072425285763,22,21,2107
lemp_leisure_hosp,strict,all,2021-01 start (long),False,twoway,0.017131059597552303,0.0058759365194848544,0.005272939620657223,0.028989179574447382,0.0056756638800710135,22,21,2881
lemp_leisure_hosp,strict,all,2021-01 start (long),False,division x month,0.013325831644956421,0.0073804171823045606,-0.0015684532298192739,0.028220116519732115,0.07815712598328983,22,21,2881
lemp_leisure_hosp,strict,all,2021-01 start (long),True,twoway,0.006525376291350614,0.00472316517821623,-0.003006356934196778,0.016057109516898007,0.17440988118400647,22,21,2623
lemp_leisure_hosp,strict,all,2021-01 start (long),True,division x month,0.006689991577108456,0.006512081308959887,-0.006451920559769479,0.01983190371398639,0.3101502143908408,22,21,2623
lemp_leisure_hosp,strict,legislated,2022-07 start (baseline),False,twoway,0.00690271254390027,0.004753798479110346,-0.0028350022113647344,0.016640427299165275,0.15760432866057061,8,21,1421
lemp_leisure_hosp,strict,legislated,2022-07 start (baseline),False,division x month,0.007775392985578241,0.007161599315056665,-0.006918995035859328,0.022469781007015813,0.28720782917279886,8,21,1421
lemp_leisure_hosp,strict,legislated,2021-01 start (long),False,twoway,0.028070516524692682,0.00716123326718439,0.013401395156130484,0.042739637893254884,0.0005208232139033431,8,21,1943
lemp_leisure_hosp,strict,legislated,2021-01 start (long),False,division x month,0.018645022625413468,0.008585956771255603,0.0010280945089706887,0.036261950741856244,0.03884360700914513,8,21,1943
lemp_leisure_hosp,strict,legislated,2021-01 start (long),True,twoway,0.014642055267290685,0.005272417656021235,0.003841997286169444,0.025442113248411925,0.009673421793724435,8,21,1769
lemp_leisure_hosp,strict,legislated,2021-01 start (long),True,division x month,0.011628330546398566,0.008184724106500263,-0.005165336144290504,0.02842199723708764,0.166840055100552,8,21,1769
lemp_leisure_hosp,strict,indexed,2022-07 start (baseline),False,twoway,-0.0007597105499731074,0.004103675842441532,-0.009099383248794675,0.0075799621488484605,0.8542275876182654,14,21,1715
lemp_leisure_hosp,strict,indexed,2022-07 start (baseline),False,division x month,0.001578320556501044,0.006721681971084843,-0.012097044238260489,0.015253685351262578,0.8158068467351214,14,21,1715
lemp_leisure_hosp,strict,indexed,2021-01 start (long),False,twoway,0.010879941353472155,0.0060762962268952085,-0.001468578290623605,0.023228460997567917,0.08227284571167748,14,21,2345
lemp_leisure_hosp,strict,indexed,2021-01 start (long),False,division x month,0.009759049330309627,0.009644424435037751,-0.00986267971786887,0.029380778378488126,0.31895515361349447,14,21,2345
lemp_leisure_hosp,strict,indexed,2021-01 start (long),True,twoway,0.0018872740193848592,0.0049852743523618685,-0.008244022410644996,0.012018570449414715,0.707361056770097,14,21,2135
lemp_leisure_hosp,strict,indexed,2021-01 start (long),True,division x month,0.0035863234383168015,0.00828330682054875,-0.013266191001556071,0.020438837878189675,0.6678620451490027,14,21,2135
lemp_leisure_hosp,broad,all,2022-07 start (baseline),False,twoway,0.002649830750731317,0.003638376281213471,-0.004682834830051596,0.00998249633151423,0.4702882256929821,22,23,2205
lemp_leisure_hosp,broad,all,2022-07 start (baseline),False,division x month,0.004394889735076051,0.005211725348058076,-0.006108652538306832,0.014898432008458935,0.4036387391977796,22,23,2205
lemp_leisure_hosp,broad,all,2021-01 start (long),False,twoway,0.01641234289477067,0.005608240464679774,0.005109676912571628,0.02771500887696971,0.005406671711317035,22,23,3015
lemp_leisure_hosp,broad,all,2021-01 start (long),False,division x month,0.012297751506858998,0.006944539177408047,-0.0016980475707435473,0.026293550584461544,0.08351259101125996,22,23,3015
lemp_leisure_hosp,broad,all,2021-01 start (long),True,twoway,0.006787150850056003,0.004520691289393179,-0.002323703788657378,0.015898005488769382,0.14040729762356308,22,23,2745
lemp_leisure_hosp,broad,all,2021-01 start (long),True,division x month,0.006888244975579898,0.006171165044200266,-0.005548920951042133,0.01932541090220193,0.27039595463980093,22,23,2745
lemp_leisure_hosp,broad,legislated,2022-07 start (baseline),False,twoway,0.007525918174105283,0.004664807141782557,-0.0020008889655145383,0.017052725313725103,0.11714202895558046,8,23,1519
lemp_leisure_hosp,broad,legislated,2022-07 start (baseline),False,division x month,0.007413735910505637,0.0070082555696158,-0.006919756120114215,0.02174722794112549,0.2988529884694502,8,23,1519
lemp_leisure_hosp,broad,legislated,2021-01 start (long),False,twoway,0.027351799821910952,0.006927029915566304,0.013204917421375199,0.04149868222244671,0.0004397437438212748,8,23,2077
lemp_leisure_hosp,broad,legislated,2021-01 start (long),False,division x month,0.017341687611292768,0.008342455299544756,0.00027945074449676685,0.034403924478088765,0.04659579000835046,8,23,2077
lemp_leisure_hosp,broad,legislated,2021-01 start (long),True,twoway,0.014903829825996091,0.0050801690059488,0.0045287405917916156,0.025278919060200567,0.0063630721593759265,8,23,1891
lemp_leisure_hosp,broad,legislated,2021-01 start (long),True,division x month,0.01084242615656652,0.007867162748898036,-0.00524772829696195,0.026932580610094993,0.1786866761145871,8,23,1891
lemp_leisure_hosp,broad,indexed,2022-07 start (baseline),False,twoway,-0.00013650491976809363,0.004007526108410946,-0.008264144579008864,0.007991134739472676,0.973015762324853,14,23,1813
lemp_leisure_hosp,broad,indexed,2022-07 start (baseline),False,division x month,0.0027144836305295892,0.006553774261535229,-0.01059038545777612,0.016019352718835297,0.6812650889221448,14,23,1813
lemp_leisure_hosp,broad,indexed,2021-01 start (long),False,twoway,0.010161224650690515,0.005811470968483789,-0.0016249847573635064,0.02194743405874454,0.08890533578946869,14,23,2479
lemp_leisure_hosp,broad,indexed,2021-01 start (long),False,division x month,0.009306113614005285,0.00902152009413799,-0.009008545853974034,0.027620773081984604,0.30936062971296296,14,23,2479
lemp_leisure_hosp,broad,indexed,2021-01 start (long),True,twoway,0.0021490485780902287,0.0047886880727826,-0.007562860974886799,0.011860958131067257,0.6562830615948865,14,23,2257
lemp_leisure_hosp,broad,indexed,2021-01 start (long),True,division x month,0.004561156152828266,0.007879495989943417,-0.011435071126972654,0.020557383432629188,0.5663879324999392,14,23,2257
lemp_leisure_hosp,border,all,2022-07 start (baseline),False,twoway,0.004375093811477667,0.00379412618662121,-0.0032992507756747546,0.01204943839863009,0.25587855227342704,22,18,1960
lemp_leisure_hosp,border,all,2022-07 start (baseline),False,division x month,0.00599267886749306,0.005020030415254337,-0.004161291071750258,0.01614664880673638,0.23978533916611666,22,18,1960
lemp_leisure_hosp,border,all,2021-01 start (long),False,twoway,0.016890167819337266,0.006110667072415006,0.004530177016595818,0.029250158622078713,0.008670814224664758,22,18,2680
lemp_leisure_hosp,border,all,2021-01 start (long),False,division x month,0.012819416067616603,0.007179047566981106,-0.0017015782606280803,0.027340410395861287,0.08193049006999886,22,18,2680
lemp_leisure_hosp,border,all,2021-01 start (long),True,twoway,0.008837928979188078,0.004772625072713285,-0.0008156164201288691,0.018491474378505027,0.07163658602002254,22,18,2440
lemp_leisure_hosp,border,all,2021-01 start (long),True,division x month,0.008779551994843633,0.0061408286120906465,-0.003641446280334063,0.02120055027002133,0.16076514992904944,22,18,2440
lemp_leisure_hosp,border,legislated,2022-07 start (baseline),False,twoway,0.00925118123485163,0.00481195255745117,-0.0006592205712388777,0.019161583040942138,0.06600228708845912,8,18,1274
lemp_leisure_hosp,border,legislated,2022-07 start (baseline),False,division x month,0.011246745512409536,0.006831282782631759,-0.002852329196738449,0.02534582022155752,0.11272382588168739,8,18,1274
lemp_leisure_hosp,border,legislated,2021-01 start (long),False,twoway,0.02782962474647755,0.007380691650564644,0.012628805746155302,0.0430304437467998,0.0008908438028443211,8,18,1742
lemp_leisure_hosp,border,legislated,2021-01 start (long),False,division x month,0.021398818036509018,0.009592383464513903,0.0016011116015143163,0.04119652447150372,0.03529931412481435,8,18,1742
lemp_leisure_hosp,border,legislated,2021-01 start (long),True,twoway,0.016954607955128157,0.005331960063430356,0.0059732306427524254,0.02793598526750389,0.0039042987438042687,8,18,1586
lemp_leisure_hosp,border,legislated,2021-01 start (long),True,division x month,0.016079934445013794,0.008265188339281053,-0.000978575880013103,0.03313844477004069,0.06351842042292843,8,18,1586
lemp_leisure_hosp,border,indexed,2022-07 start (baseline),False,twoway,0.0015887581409782584,0.004158933615357131,-0.006893442890212637,0.010070959172169153,0.7050595621587998,14,18,1568
lemp_leisure_hosp,border,indexed,2022-07 start (baseline),False,division x month,0.003380480614289618,0.006148358532862785,-0.00917614266884074,0.015937103897419976,0.586514311594925,14,18,1568
lemp_leisure_hosp,border,indexed,2021-01 start (long),False,twoway,0.010639049575257093,0.00631274083158806,-0.0022358702343824,0.023513969384896586,0.10196733740026076,14,18,2144
lemp_leisure_hosp,border,indexed,2021-01 start (long),False,division x month,0.007408858456458274,0.008563081292980609,-0.010079286609264416,0.024897003522180966,0.39379019050983954,14,18,2144
lemp_leisure_hosp,border,indexed,2021-01 start (long),True,twoway,0.004199826707222328,0.00503839704027945,-0.006076051804711475,0.014475705219156131,0.4109036233634409,14,18,1952
lemp_leisure_hosp,border,indexed,2021-01 start (long),True,division x month,0.004492738194270824,0.007331644169751577,-0.010480476753014382,0.01946595314155603,0.544634738856085,14,18,1952
